,long,lat,unique_squirrel_id,hectare,shift,date,hectare_squirrel_number,age,primary_fur_color,highlight_fur_color,combination_of_primary_and_highlight_color,color_notes,location,above_ground_sighter_measurement,specific_location,running,chasing,climbing,eating,foraging,other_activities,kuks,quaas,moans,tail_flags,tail_twitches,approaches,indifferent,runs_from,other_interactions,lat_long,zip_codes,community_districts,borough_boundaries,city_council_districts,police_precincts
1,-73.95704377,40.79485094,37E-PM-1006-03,37E,PM,10062018,3,Adult,Gray,Cinnamon,Gray+Cinnamon,,Ground Plane,FALSE,,1,0,0,0,0,,0,0,0,0,0,0,0,1,me,POINT (-73.9570437717691 40.794850940803904),,19,4,19,13
51,-73.96756343,40.78134774,19D-AM-1007-01,19D,AM,10072018,1,Juvenile,Gray,,Gray+,,Ground Plane,FALSE,,0,0,1,1,0,,0,0,0,0,0,0,0,0,fenced off area can't approach,POINT (-73.9675634326877 40.7813477352507),,19,4,19,13
77,-73.96447484,40.78838401,28C-PM-1006-01,28C,PM,10062018,1,Adult,Gray,Cinnamon,Gray+Cinnamon,,Ground Plane,FALSE,,0,0,0,0,0,gathering acorns,0,0,0,1,0,0,0,1,gnd to tree,POINT (-73.964474836001 40.7883840104749),,19,4,19,13
87,-73.96836083,40.78429274,22B-AM-1013-04,22B,AM,10132018,4,Adult,Cinnamon,,Cinnamon+,,Ground Plane,FALSE,Under bench,0,0,0,0,1,,0,0,0,0,0,0,0,1,ran from dog-walker,POINT (-73.9683608295976 40.7842927405327),,19,4,19,13
123,-73.95886603,40.79825979,40A-AM-1010-03,40A,AM,10102018,3,Adult,Gray,Cinnamon,Gray+Cinnamon,,Ground Plane,FALSE,bottom of great hill,0,0,0,1,1,,0,0,0,1,0,0,1,1,dog chased,POINT (-73.9588660250232 40.7982597947515),,19,4,19,13
127,-73.97462291,40.77484671,10B-PM-1014-05,10B,PM,10142018,5,Adult,Gray,White,Gray+White,,Ground Plane,FALSE,,0,0,0,1,1,,0,0,0,0,1,0,0,0,avoided people,POINT (-73.9746229094643 40.7748467061969),,19,4,19,13
130,-73.97555608,40.76629923,2F-AM-1006-05,02F,AM,10062018,5,Adult,Gray,"Cinnamon, White","Gray+Cinnamon, White",,Ground Plane,FALSE,,0,0,0,0,1,,0,0,0,0,0,0,0,0,curious but shy,POINT (-73.9755560786227 40.7662992317575),,19,4,19,13
132,-73.96647116,40.78789643,26A-PM-1006-06,26A,PM,10062018,6,Adult,Gray,Cinnamon,Gray+Cinnamon,,Ground Plane,FALSE,Tree 90th left 90th & 89,0,0,1,0,0,,0,0,0,1,0,0,0,0,studying us looking for food,POINT (-73.9664711607022 40.787896428768),,19,4,19,13
134,-73.96941681,40.77288774,11G-PM-1013-01,11G,PM,10132018,1,Adult,Gray,Cinnamon,Gray+Cinnamon,,Above Ground,5,In the Woods/Brush,0,0,1,0,1,,0,0,0,0,0,0,0,1,watching me,POINT (-73.9694168118643 40.7728877377977),,19,4,19,13
136,-73.97824171,40.7724665,7A-AM-1006-01,07A,AM,10062018,1,Adult,Gray,White,Gray+White,,Above Ground,10,in tree,0,0,0,0,1,,0,1,0,0,1,0,0,0,looked at us,POINT (-73.9782417115139 40.7724665036447),,19,4,19,13
155,-73.957659,40.79727519,39C-PM-1006-02,39C,PM,10062018,2,Adult,Gray,,Gray+,,Above Ground,50,,0,0,1,0,0,,0,0,0,0,0,0,0,0,unaware of,POINT (-73.95765899974931 40.7972751877447),,19,4,19,13
161,-73.9572192,40.79315291,35E-PM-1006-01,35E,PM,10062018,1,Adult,Gray,"Cinnamon, White","Gray+Cinnamon, White",,Ground Plane,FALSE,,0,0,0,0,1,,0,0,0,0,0,1,0,0,looking/begging for food,POINT (-73.957219204335 40.7931529059779),,19,4,19,13
167,-73.97456914,40.77710356,13A-PM-1014-03,13A,PM,10142018,3,Adult,Gray,Cinnamon,Gray+Cinnamon,,Above Ground,6,,0,0,1,0,0,,0,0,0,0,0,0,0,1,child chasing,POINT (-73.9745691353018 40.7771035589298),,19,4,19,13
186,-73.9700162,40.78152775,19B-AM-1019-02,19B,AM,10192018,2,Juvenile,Gray,"Cinnamon, White","Gray+Cinnamon, White",,Ground Plane,FALSE,,1,0,0,1,0,posing,0,0,0,0,0,0,1,1,indifferent then runs from,POINT (-73.9700162034073 40.7815277479588),,19,4,19,13
187,-73.95705288,40.79909738,41B-AM-1010-07,41B,AM,10102018,7,Adult,Cinnamon,"Gray, White","Cinnamon+Gray, White",,Above Ground,10,,0,0,0,0,0,,1,0,0,1,0,1,0,0,mad!,POINT (-73.9570528770427 40.7990973804149),,19,4,19,13
189,-73.9695508,40.77430704,12F-PM-1007-04,12F,PM,10072018,4,Adult,Gray,Cinnamon,Gray+Cinnamon,,Ground Plane,FALSE,,0,0,0,0,1,,0,0,0,0,0,0,1,0,stared,POINT (-73.96955079651552 40.7743070423435),,19,4,19,13
196,-73.96793363,40.77541866,14G-PM-1013-01,14G,PM,10132018,1,Adult,Gray,Cinnamon,Gray+Cinnamon,,Ground Plane,FALSE,,0,0,1,0,0,,0,0,0,0,0,0,0,0,watching,POINT (-73.9679336341793 40.7754186579647),,19,4,19,13
202,-73.96387746,40.79135321,31A-AM-1010-05,31A,AM,10102018,5,Adult,Gray,,Gray+,,Ground Plane,FALSE,,0,0,0,1,1,jumping,0,0,0,1,1,0,1,0,eventually ran from lawnmower (tail flag),POINT (-73.9638774579549 40.7913532129148),,19,4,19,13
213,-73.97725766,40.76798951,3D-AM-1006-08,03D,AM,10062018,8,Adult,Cinnamon,Gray,Cinnamon+Gray,,Ground Plane,FALSE,,0,0,0,1,1,,0,0,0,0,0,1,0,0,approaches (food stand),POINT (-73.9772576561244 40.7679895093963),,19,4,19,13
224,-73.96384227,40.78873409,28C-PM-1006-02,28C,PM,10062018,2,Adult,Gray,,Gray+,,Ground Plane,FALSE,Near rock,1,0,0,0,0,,0,0,0,0,0,0,0,1,dog,POINT (-73.963842266151 40.7887340867773),,19,4,19,13
230,-73.95278082,40.79241672,36I-AM-1017-05,36I,AM,10172018,5,Adult,Gray,Cinnamon,Gray+Cinnamon,,Ground Plane,FALSE,,0,0,0,1,1,,0,0,0,0,0,0,0,1,runs from (me),POINT (-73.9527808174534 40.7924167234441),,19,4,19,13
231,-73.96241846,40.79215249,32B-AM-1017-03,32B,AM,10172018,3,Adult,Gray,Cinnamon,Gray+Cinnamon,,Ground Plane,FALSE,,0,0,0,0,1,,0,0,0,0,1,1,1,1,"approaches (primarily),runs from (initially),follows",POINT (-73.9624184586031 40.7921524868211),,19,4,19,13
232,-73.95683431,40.79494014,37E-PM-1006-04,37E,PM,10062018,4,Adult,Cinnamon,"Gray, White","Cinnamon+Gray, White",,Ground Plane,FALSE,,0,0,0,0,1,,0,0,0,0,0,0,0,0,doesn't see me,POINT (-73.9568343093228 40.7949401350882),,19,4,19,13
241,-73.95902366,40.79826325,40A-AM-1010-04,40A,AM,10102018,4,Adult,Gray,Cinnamon,Gray+Cinnamon,,Ground Plane,FALSE,bottom great hill,0,0,0,0,1,,0,0,0,1,0,0,1,1,dog chased,POINT (-73.9590236602085 40.7982632456866),,19,4,19,13
247,-73.97517294,40.77432841,10B-PM-1014-02,10B,PM,10142018,2,Adult,Gray,White,Gray+White,,Above Ground,,gingko tree by traffic light in front of Strawberry Fields,0,0,0,0,1,,0,0,0,0,1,0,0,0,came over on tree to see me then disappeared,POINT (-73.9751729403694 40.7743284123118),,19,4,19,13
249,-73.97267477,40.77030227,7F-AM-1008-02,07F,AM,10082018,2,Adult,Gray,Cinnamon,Gray+Cinnamon,,Ground Plane,FALSE,,1,0,0,0,0,,0,0,0,0,0,0,0,1,see stories and locations,POINT (-73.9726747666002 40.7703022669308),,19,4,19,13
256,-73.97733171,40.7684036,3D-AM-1006-03,03D,AM,10062018,3,Juvenile,Cinnamon,Gray,Cinnamon+Gray,,Ground Plane,FALSE,on top [of] a big rock/boulder in the area,1,0,1,0,0,climbing (rock),0,0,0,0,0,1,0,0,"approaches (slightly),wary of humans",POINT (-73.9773317054464 40.76840359967581),,19,4,19,13
270,-73.96612629,40.78440856,23D-AM-1013-01,23D,AM,10132018,1,Adult,Gray,Cinnamon,Gray+Cinnamon,,Above Ground,3,,0,0,1,0,0,,0,0,0,0,0,1,0,0,"approaches (he saw me,came towards,then darted up)",POINT (-73.9661262885099 40.7844085550945),,19,4,19,13
271,-73.95219501,40.79493734,39H-PM-1013-01,39H,PM,10132018,1,Adult,Gray,White,Gray+White,,Ground Plane,FALSE,,0,0,0,1,0,,0,0,0,0,0,0,1,0,ran away when a human approached with a dog,POINT (-73.9521950056404 40.794937340845),,19,4,19,13
293,-73.97565736,40.76566441,1G-PM-1010-01,01G,PM,10102018,1,Adult,Gray,White,Gray+White,,Above Ground,15,,0,0,1,1,0,,0,0,0,1,0,0,1,0,too busy eating in his tree,POINT (-73.9756573579063 40.7656644063024),,19,4,19,13
322,-73.95734698,40.79440446,36E-AM-1013-03,36E,AM,10132018,3,Adult,Gray,White,Gray+White,,Ground Plane,FALSE,,0,0,0,0,1,,0,0,0,0,0,0,1,0,indifferent (moving very fast),POINT (-73.9573469787503 40.7944044592573),,19,4,19,13
330,-73.95448101,40.79544697,39F-PM-1006-03,39F,PM,10062018,3,Adult,Gray,White,Gray+White,,Above Ground,15,lower branch of tree,0,0,0,1,0,,0,0,0,0,0,0,0,1,ran up tree when approached,POINT (-73.95448101115 40.7954469678857),,19,4,19,13
336,-73.95831019,40.78526493,27I-PM-1020-05,27I,PM,10202018,5,Adult,Gray,Cinnamon,Gray+Cinnamon,,Above Ground,10,In tree,1,0,0,0,0,,0,0,0,0,0,0,0,1,runs from (us),POINT (-73.9583101927652 40.7852649316039),,19,4,19,13
339,-73.97449608,40.76525855,1H-AM-1012-01,01H,AM,10122018,1,Adult,Gray,"Cinnamon, White","Gray+Cinnamon, White",,Ground Plane,FALSE,,0,0,0,0,1,,0,0,0,0,0,1,0,1,first approaches then runs from - he was less than 1 yd. away from me.,POINT (-73.9744960829844 40.7652585501959),,19,4,19,13
341,-73.96059666,40.78898491,30E-AM-1008-01,30E,AM,10082018,1,Adult,Gray,White,Gray+White,,Ground Plane,FALSE,,0,0,0,0,1,,0,0,0,0,1,0,0,1,scurried into bushes when jogger ran by,POINT (-73.9605966636226 40.7889849108637),,19,4,19,13
361,-73.9571408,40.79319174,35E-PM-1006-02,35E,PM,10062018,2,Adult,Gray,"Cinnamon, White","Gray+Cinnamon, White",,Ground Plane,FALSE,,0,0,0,0,1,,0,0,0,0,0,1,0,0,begging for food,POINT (-73.9571407991577 40.7931917396406),,19,4,19,13
364,-73.95760351,40.79661208,38C-AM-1019-01,38C,AM,10192018,1,Juvenile,Gray,White,Gray+White,,Ground Plane,FALSE,,1,0,0,0,0,,0,0,0,0,0,0,0,1,runs from (lawnmower),POINT (-73.9576035072364 40.7966120824816),,19,4,19,13
365,-73.96735485,40.77656691,15G-PM-1019-11,15G,PM,10192018,11,Adult,Gray,,Gray+,,Above Ground,4,,0,0,1,0,0,,0,0,0,0,0,0,0,0,stared,POINT (-73.9673548527075 40.7765669058396),,19,4,19,13
368,-73.9596399,40.7933387,34D-PM-1007-02,34D,PM,10072018,2,Adult,Black,,Black+,,Above Ground,25,,1,0,1,0,0,,0,0,0,0,0,0,0,0,cautiously aware,POINT (-73.9596398997228 40.7933386953847),,19,4,19,13
373,-73.9556818,40.788852,32I-AM-1013-02,32I,AM,10132018,2,Juvenile,Gray,Cinnamon,Gray+Cinnamon,,Above Ground,15,,0,0,1,0,0,,0,0,0,0,0,0,0,0,watching me from tree - curious,POINT (-73.9556817958407 40.788852000621),,19,4,19,13
380,-73.95970941,40.79197451,33D-PM-1006-03,33D,PM,10062018,3,,Black,,Black+,,Above Ground,15,,1,0,0,1,0,,0,0,0,0,1,0,0,1,ran up tree,POINT (-73.959709414696 40.7919745085986),,19,4,19,13
381,-73.97359468,40.77241558,8E-PM-1008-01,08E,PM,10082018,1,Adult,Gray,White,Gray+White,,Ground Plane,FALSE,by tree trunk base,0,0,0,1,0,,0,0,0,0,0,1,0,0,eating food being thrown at it by a mom & baby,POINT (-73.9735946835545 40.7724155751282),,19,4,19,13
386,-73.95783165,40.7890103,31G-PM-1007-01,31G,PM,10072018,1,Adult,Gray,,Gray+,,Above Ground,15,,0,0,0,0,0,hiding,0,0,0,0,1,0,0,0,"froze,sight of dogs",POINT (-73.9578316525492 40.7890102959629),,19,4,19,13
400,-73.9658621,40.78259269,22D-PM-1012-01,22D,PM,10122018,1,Adult,Gray,"Black, White","Gray+Black, White",,Above Ground,5,,0,0,1,0,0,,1,0,0,0,0,0,0,0,climbing tree,POINT (-73.965862100991 40.7825926896917),,19,4,19,13
401,-73.96819174,40.77232988,11I-PM-1012-03,11I,PM,10122018,3,Adult,Gray,,Gray+,,Ground Plane,FALSE,,1,0,1,0,1,,0,0,0,0,0,0,0,1,runs from the dog,POINT (-73.9681917366128 40.7723298813768),,19,4,19,13
407,-73.96337602,40.78184224,22G-PM-1018-03,22G,PM,10182018,3,Juvenile,Gray,Cinnamon,Gray+Cinnamon,,Ground Plane,FALSE,,1,0,0,0,0,chilling,0,0,0,0,0,0,1,0,observed,POINT (-73.96337601736352 40.7818422357619),,19,4,19,13
408,-73.95308097,40.79591763,40G-PM-1013-02,40G,PM,10132018,2,Adult,Gray,,Gray+,,Ground Plane,FALSE,,1,0,0,1,0,hiding from dog,0,0,0,0,0,0,0,1,runs from (dog),POINT (-73.9530809650496 40.79591763177051),,19,4,19,13
409,-73.95840249,40.78514917,27I-PM-1020-01,27I,PM,10202018,1,Adult,Gray,White,Gray+White,,Ground Plane,FALSE,,0,0,0,0,1,,0,0,0,0,0,0,1,1,runs from (us),POINT (-73.9584024936392 40.7851491701944),,19,4,19,13
419,-73.96718516,40.77508787,14H-PM-1012-01,14H,PM,10122018,1,Adult,Gray,"Black, Cinnamon, White","Gray+Black, Cinnamon, White",,Ground Plane,FALSE,,1,0,0,1,0,,0,0,0,0,0,1,0,0,approaches (came very close to me),POINT (-73.9671851611243 40.7750878657618),,19,4,19,13
424,-73.97044852,40.77172906,9G-AM-1007-02,09G,AM,10072018,2,Adult,Gray,,Gray+,,Above Ground,25,,0,0,1,0,0,,0,0,0,0,0,0,0,1,kids were trying to poke it with a stick,POINT (-73.9704485231855 40.7717290560806),,19,4,19,13
430,-73.9757436,40.77460644,10B-PM-1014-01,10B,PM,10142018,1,Adult,Gray,White,Gray+White,,Ground Plane,FALSE,on lawn in front of a tree,0,0,0,0,1,,0,0,0,0,1,0,0,0,stay on ground but went to other side of tree to hide from a dog,POINT (-73.9757436019432 40.7746064363227),,19,4,19,13
441,-73.95024663,40.79592288,41I-AM-1018-02,41I,AM,10182018,2,Juvenile,Gray,,Gray+,,Ground Plane,FALSE,,1,0,0,0,1,,0,0,0,0,0,0,0,0,runs off,POINT (-73.9502466289084 40.7959228779883),,19,4,19,13
464,-73.96830411,40.78626523,24A-AM-1014-01,24A,AM,10142018,1,Adult,Gray,White,Gray+White,,Ground Plane,FALSE,,1,0,0,0,0,,0,0,0,0,0,0,0,0,freezes,POINT (-73.9683041099256 40.7862652300082),,19,4,19,13
469,-73.9581243,40.79443147,36D-AM-1007-01,36D,AM,10072018,1,Adult,Cinnamon,Gray,Cinnamon+Gray,,Ground Plane,FALSE,,0,0,1,0,1,,0,0,0,0,0,0,0,1,avoiding a dog,POINT (-73.95812430217221 40.794431473386),,19,4,19,13
475,-73.96909682,40.76992327,8I-AM-1006-08,08I,AM,10062018,8,Adult,Gray,Cinnamon,Gray+Cinnamon,,Above Ground,6,tree,0,0,0,0,0,,1,1,0,0,0,0,0,0,not backing down,POINT (-73.9690968160819 40.769923269444),,19,4,19,13
478,-73.95694034,40.79565996,38D-PM-1006-01,38D,PM,10062018,1,Adult,Gray,Cinnamon,Gray+Cinnamon,,Ground Plane,FALSE,,1,0,0,0,0,,0,0,0,0,0,0,0,0,didn't see me or others,POINT (-73.9569403365847 40.7956599608798),,19,4,19,13
481,-73.97217978,40.78012138,16A-PM-1019-07,16A,PM,10192018,7,Juvenile,Gray,"Cinnamon, White","Gray+Cinnamon, White",,Ground Plane,FALSE,,0,0,0,0,1,,0,0,0,0,1,1,0,0,approaches (very friendly),POINT (-73.9721797824576 40.7801213843628),,19,4,19,13
492,-73.97768548,40.76831023,3D-AM-1006-04,03D,AM,10062018,4,Adult,Cinnamon,Gray,Cinnamon+Gray,,Ground Plane,FALSE,,1,0,0,0,0,,0,0,0,0,0,0,0,1,runs from (boy on bike),POINT (-73.9776854797916 40.7683102295663),,19,4,19,13
503,-73.9533476,40.79330035,37H-PM-1006-02,37H,PM,10062018,2,Adult,Gray,Cinnamon,Gray+Cinnamon,,Ground Plane,FALSE,tree,1,0,1,0,1,,1,0,0,0,0,0,0,1,dogs,POINT (-73.9533476020736 40.7933003544685),,19,4,19,13
514,-73.96014865,40.79437241,35C-PM-1013-02,35C,PM,10132018,2,,Gray,Cinnamon,Gray+Cinnamon,,Ground Plane,FALSE,,0,0,0,0,1,,0,0,0,0,0,1,0,0,approaches (when i crouched down),POINT (-73.9601486483164 40.7943724108626),,19,4,19,13
534,-73.97723967,40.76686964,2E-AM-1010-02,02E,AM,10102018,2,Adult,Gray,,Gray+,,Ground Plane,FALSE,,1,0,0,1,0,,0,0,0,0,0,0,1,0,totally indifferent,POINT (-73.9772396728545 40.7668696411765),,19,4,19,13
562,-73.97003307,40.77829139,16D-PM-1010-06,16D,PM,10102018,6,Adult,Gray,,Gray+,,Ground Plane,FALSE,,1,0,0,0,1,walking,0,0,0,0,0,0,0,0,checking me out,POINT (-73.9700330712119 40.7782913925727),,19,4,19,13
571,-73.97636223,40.77046713,5C-PM-1010-10,05C,PM,10102018,10,Adult,Gray,Cinnamon,Gray+Cinnamon,,Ground Plane,FALSE,,0,0,0,1,0,,0,0,0,0,0,1,0,0,fed by woman,POINT (-73.9763622269272 40.7704671295941),,19,4,19,13
579,-73.97509926,40.77433919,10B-PM-1014-03,10B,PM,10142018,3,Adult,Gray,White,Gray+White,,Ground Plane,FALSE,,0,0,0,1,1,,0,0,0,0,0,0,0,0,avoided people,POINT (-73.9750992564362 40.7743391883762),,19,4,19,13
587,-73.96465975,40.78276982,22F-AM-1007-07,22F,AM,10072018,7,Juvenile,Cinnamon,Gray,Cinnamon+Gray,,Above Ground,3,,0,0,1,0,0,,0,0,0,0,1,0,0,0,alert & aware,POINT (-73.9646597452128 40.7827698220703),,19,4,19,13
588,-73.97826438,40.77170861,6A-AM-1006-04,06A,AM,10062018,4,Adult,Gray,White,Gray+White,,Ground Plane,FALSE,,0,1,0,0,1,,0,0,0,0,1,0,0,0,curious,POINT (-73.97826438139 40.7717086090782),,19,4,19,13
593,-73.97274886,40.77819168,14B-PM-1014-06,14B,PM,10142018,6,Juvenile,Gray,Cinnamon,Gray+Cinnamon,,Ground Plane,FALSE,,0,0,0,0,0,watching me,0,0,0,0,0,1,0,0,skittish,POINT (-73.9727488640736 40.7781916780621),,19,4,19,13
632,-73.96732437,40.7875393,26A-AM-1014-01,26A,AM,10142018,1,,Gray,Cinnamon,Gray+Cinnamon,,Ground Plane,FALSE,,0,1,0,0,1,,0,0,0,0,0,0,0,0,could not get close due to fences,POINT (-73.9673243699918 40.7875392957722),,19,4,19,13
642,-73.97673021,40.77370921,8A-PM-1014-01,08A,PM,10142018,1,Adult,Gray,White,Gray+White,,Ground Plane,FALSE,,0,0,1,1,0,,1,0,0,0,0,0,0,1,runs from (goes up a tree),POINT (-73.976730206737 40.773709213914),,19,4,19,13
679,-73.95640114,40.79580978,38E-AM-1010-02,38E,AM,10102018,2,Adult,Gray,Cinnamon,Gray+Cinnamon,,Ground Plane,FALSE,,0,0,1,0,0,,0,0,0,0,0,0,0,0,climbs,POINT (-73.95640114211221 40.7958097849369),,19,4,19,13
684,-73.96581818,40.77981606,19F-AM-1007-01,19F,AM,10072018,1,Adult,Cinnamon,Gray,Cinnamon+Gray,,Ground Plane,FALSE,,0,0,0,0,1,,0,0,0,0,0,0,1,0,bit scared,POINT (-73.9658181813014 40.7798160637561),,19,4,19,13
703,-73.97935656,40.76792594,2C-AM-1010-09,02C,AM,10102018,9,Adult,Gray,White,Gray+White,,Ground Plane,FALSE,,0,0,0,1,1,,0,0,0,0,0,0,0,0,climbed up tree as i neared,POINT (-73.9793565564361 40.7679259390448),,19,4,19,13
723,-73.95329528,40.79200745,36I-AM-1017-08,36I,AM,10172018,8,Adult,Gray,,Gray+,,Ground Plane,FALSE,,0,1,0,0,0,chasing (#7),0,0,0,0,1,0,0,1,runs from (me),POINT (-73.95329527631061 40.7920074462622),,19,4,19,13
737,-73.97257126,40.76691018,4H-AM-1006-02,04H,AM,10062018,2,Adult,Gray,Cinnamon,Gray+Cinnamon,,Ground Plane,FALSE,,0,0,1,0,0,climbing (over small wire fence then on the ground),0,0,0,0,0,1,0,1,"approaches (saw me & came forward),runs from (startled by another person)",POINT (-73.9725712588741 40.7669101832926),,19,4,19,13
742,-73.95650357,40.79373827,36F-AM-1017-04,36F,AM,10172018,4,Juvenile,Gray,White,Gray+White,"White legs, front & back",Ground Plane,FALSE,,1,0,0,1,1,,1,0,0,0,0,1,0,1,"approaches (me),runs from (me)",POINT (-73.9565035705619 40.7937382705056),,19,4,19,13
751,-73.97686177,40.77418771,9A-PM-1010-03,09A,PM,10102018,3,,Gray,White,Gray+White,,Ground Plane,FALSE,,0,0,0,0,0,,0,0,0,0,0,0,0,0,froze - standing on hind legs for ~10 seconds then scampered off,POINT (-73.97686176907251 40.7741877060705),,19,4,19,13
781,-73.97105591,40.77942799,16C-PM-1018-01,16C,PM,10182018,1,Adult,Gray,"Cinnamon, White","Gray+Cinnamon, White",,Above Ground,3,,0,0,1,0,0,,0,0,0,0,0,0,0,0,disappeared up other side of tree,POINT (-73.9710559113762 40.7794279914209),,19,4,19,13
803,-73.96971966,40.78140685,19B-AM-1019-01,19B,AM,10192018,1,Juvenile,Gray,"Cinnamon, White","Gray+Cinnamon, White",Side stripes,Ground Plane,FALSE,,1,0,0,1,0,,0,0,0,0,0,0,1,1,indifferent then runs from,POINT (-73.9697196619878 40.7814068507607),,19,4,19,13
818,-73.96036201,40.79559658,36B-AM-1013-02,36B,AM,10132018,2,,Gray,,Gray+,,Ground Plane,FALSE,,1,0,0,0,0,,0,0,0,0,0,0,0,0,didn't see me,POINT (-73.9603620122205 40.7955965755851),,19,4,19,13
840,-73.97469339,40.77331387,9C-PM-1006-05,09C,PM,10062018,5,Adult,Gray,White,Gray+White,,Ground Plane,FALSE,,0,0,0,1,0,,0,0,0,0,0,0,0,1,w/ dog,POINT (-73.9746933852572 40.773313866931),,19,4,19,13
843,-73.96423799,40.77747925,17I-PM-1017-01,17I,PM,10172018,1,Juvenile,Cinnamon,White,Cinnamon+White,,Above Ground,15,,0,0,1,0,0,,0,0,0,0,0,0,0,0,"was in a tree,so i couldn't really tell",POINT (-73.9642379942652 40.7774792520738),,19,4,19,13
865,-73.97920912,40.76858455,2B-PM-1013-06,02B,PM,10132018,6,Adult,Gray,,Gray+,,Ground Plane,FALSE,,0,0,0,0,0,,0,0,0,0,0,1,0,0,sat there! in front of us,POINT (-73.9792091200122 40.7685845475313),,19,4,19,13
915,-73.95618876,40.79581875,38E-AM-1010-04,38E,AM,10102018,4,Adult,Gray,Cinnamon,Gray+Cinnamon,,Ground Plane,FALSE,,1,0,1,0,0,,0,0,0,1,0,0,0,1,me,POINT (-73.95618876244711 40.7958187455815),,19,4,19,13
916,-73.96765141,40.77308537,11H-AM-1010-01,11H,AM,10102018,1,Adult,Gray,White,Gray+White,,Above Ground,20,,0,0,1,0,0,,0,0,0,0,0,1,0,0,started climbing down to me,POINT (-73.9676514056678 40.7730853732876),,19,4,19,13
919,-73.95712336,40.7992459,41B-PM-1014-04,41B,PM,10142018,4,Adult,Gray,Cinnamon,Gray+Cinnamon,,Above Ground,40,,0,0,1,0,0,,0,0,0,0,0,0,0,0,climbing,POINT (-73.9571233640232 40.7992458980266),,19,4,19,13
924,-73.97631164,40.76888396,4D-PM-1008-03,04D,PM,10082018,3,Adult,Cinnamon,"Gray, White","Cinnamon+Gray, White",,Ground Plane,FALSE,,0,0,0,1,0,,0,0,0,0,0,0,0,1,ran two feet up tree trunk,POINT (-73.9763116425885 40.7688839576487),,19,4,19,13
953,-73.96584435,40.77967049,19F-AM-1007-03,19F,AM,10072018,3,Juvenile,Cinnamon,,Cinnamon+,,Ground Plane,FALSE,,0,0,0,1,1,,0,0,0,0,0,0,0,0,scared,POINT (-73.9658443548822 40.7796704898979),,19,4,19,13
961,-73.97154669,40.76955849,6H-PM-1020-03,06H,PM,10202018,3,Adult,Gray,Cinnamon,Gray+Cinnamon,Gray & Cinnamon selected as Primary. Nothing selected as Highlights. Made executive adjustments.,Ground Plane,FALSE,,0,0,0,1,1,,0,0,0,0,0,0,0,1,runs from (kids kicking the fence),POINT (-73.9715466850324 40.7695584933538),,19,4,19,13
965,-73.95831758,40.79165667,33E-AM-1014-12,33E,AM,10142018,12,Adult,Gray,White,Gray+White,,Above Ground,15,,0,0,0,0,0,sleeping,0,0,0,0,0,0,0,0,asleep,POINT (-73.958317581802 40.7916566683158),,19,4,19,13
980,-73.96731602,40.7766158,15G-PM-1019-12,15G,PM,10192018,12,Adult,Gray,,Gray+,,Above Ground,4,,0,0,1,0,0,,0,0,0,0,0,0,0,0,stared,POINT (-73.9673160165357 40.7766158001202),,19,4,19,13
1002,-73.96455476,40.77687701,16I-AM-1008-04,16I,AM,10082018,4,Juvenile,Cinnamon,Gray,Cinnamon+Gray,,Above Ground,9,tree hollow,0,0,0,0,0,in hollow,0,0,0,0,0,0,0,0,curious,POINT (-73.9645547556826 40.776877007081),,19,4,19,13
1014,-73.97203471,40.77277503,9E-PM-1014-01,09E,PM,10142018,1,Adult,Gray,Cinnamon,Gray+Cinnamon,,Ground Plane,FALSE,Gathering/digging in grassy area b/w trees,0,0,0,0,1,looked like it was smelling/digging in the ground,0,0,0,0,1,0,1,0,indifferent (was in a grassy area with no humans nearby),POINT (-73.9720347089273 40.7727750272024),,19,4,19,13
1037,-73.95633112,40.79509016,38E-AM-1010-12,38E,AM,10102018,12,Adult,Cinnamon,,Cinnamon+,,Ground Plane,FALSE,running on rocks,0,1,0,0,0,,0,0,0,1,0,0,0,0,runs toward something,POINT (-73.9563311167069 40.7950901563337),,19,4,19,13
1047,-73.97821201,40.77171545,6A-AM-1006-05,06A,AM,10062018,5,Adult,Gray,"Cinnamon, White","Gray+Cinnamon, White",,Above Ground,4,tree,0,0,1,0,0,,0,0,0,1,1,0,0,0,curious,POINT (-73.9782120139407 40.7717154468791),,19,4,19,13
1048,-73.95646064,40.78805466,30I-PM-1006-06,30I,PM,10062018,6,Adult,Gray,White,Gray+White,,Ground Plane,FALSE,,1,0,0,0,0,,0,0,0,0,0,0,1,1,ran up tree,POINT (-73.9564606426367 40.7880546572608),,19,4,19,13
1074,-73.96405349,40.77773839,17I-AM-1014-02,17I,AM,10142018,2,Adult,Cinnamon,White,Cinnamon+White,,Ground Plane,FALSE,,1,0,0,0,0,standing upright,0,0,0,0,0,1,0,1,runs from (only ran away when a grandpa chased it off),POINT (-73.9640534906634 40.7777383899836),,19,4,19,13
1095,-73.95683009,40.79358557,36E-AM-1013-01,36E,AM,10132018,1,Juvenile,Gray,,Gray+,,Ground Plane,FALSE,,1,0,0,0,0,,0,0,0,0,0,0,0,1,runs from (ran into treebrush),POINT (-73.9568300899773 40.7935855743354),,19,4,19,13
1098,-73.97615279,40.7709607,6C-AM-1007-06,06C,AM,10072018,6,Adult,Gray,Cinnamon,Gray+Cinnamon,,Above Ground,7,,0,0,1,0,0,,0,0,0,0,0,0,0,0,disappeared when jogger ran by,POINT (-73.9761527947483 40.7709607002539),,19,4,19,13
1100,-73.95912925,40.79255303,34D-AM-1008-01,34D,AM,10082018,1,Adult,Black,,Black+,,Ground Plane,FALSE,,0,0,0,0,1,,0,0,0,0,0,0,0,0,staring at us,POINT (-73.95912925497001 40.7925530280455),,19,4,19,13
1101,-73.96881735,40.77820098,16E-AM-1014-08,16E,AM,10142018,8,Adult,Gray,,Gray+,,Ground Plane,FALSE,,1,0,0,0,0,,0,0,0,0,0,0,0,1,runs from (dog),POINT (-73.9688173465755 40.7782009764626),,19,4,19,13
1102,-73.95415009,40.792033,35H-AM-1013-02,35H,AM,10132018,2,Juvenile,Cinnamon,Gray,Cinnamon+Gray,,Above Ground,10,Sitting on tree limb,0,0,0,0,0,sitting,0,0,0,0,0,0,1,0,"watching me from tree,but calm",POINT (-73.9541500874008 40.7920329989756),,19,4,19,13
1106,-73.95307396,40.79320344,37H-PM-1006-01,37H,PM,10062018,1,Juvenile,Gray,White,Gray+White,,Ground Plane,FALSE,,0,0,0,1,1,,0,0,0,0,0,0,0,1,from voice,POINT (-73.95307395621312 40.7932034409546),,19,4,19,13
1107,-73.96383978,40.78289503,23F-PM-1013-02,23F,PM,10132018,2,Adult,Gray,"Cinnamon, White","Gray+Cinnamon, White",,Ground Plane,FALSE,,1,0,0,1,1,,0,1,0,0,1,0,1,0,"indifferent (mostly,did notice me,busy eating,foraging)",POINT (-73.9638397790384 40.7828950272904),,19,4,19,13
1134,-73.96674745,40.77606437,15H-PM-1008-01,15H,PM,10082018,1,Adult,Cinnamon,Gray,Cinnamon+Gray,,Above Ground,10,Oak tree,0,1,0,0,0,watching me,0,1,0,1,0,0,0,0,observant,POINT (-73.9667474482967 40.7760643720793),,19,4,19,13
1151,-73.9608399,40.78177045,23I-AM-1019-01,23I,AM,10192018,1,Adult,Gray,Cinnamon,Gray+Cinnamon,,Above Ground,18,on a tree,0,0,1,0,0,,0,0,0,0,0,0,0,0,"eyed me warily,then went up the tree",POINT (-73.9608399003798 40.7817704502248),,19,4,19,13
1162,-73.9677097,40.78253584,21C-AM-1014-02,21C,AM,10142018,2,Adult,Gray,Cinnamon,Gray+Cinnamon,,Above Ground,50,,1,1,1,0,1,,0,1,0,0,0,0,0,0,looked at us from tree,POINT (-73.9677096985223 40.7825358361204),,19,4,19,13
1164,-73.96895041,40.77667702,14F-PM-1012-05,14F,PM,10122018,5,Adult,Cinnamon,"Gray, White","Cinnamon+Gray, White",,Above Ground,2,on a fallen branch,1,0,0,1,0,sitting,0,0,0,0,0,0,0,0,looking at me,POINT (-73.9689504114652 40.7766770153764),,19,4,19,13
1173,-73.96820671,40.77799112,16E-PM-1018-05,16E,PM,10182018,5,Adult,Gray,Cinnamon,Gray+Cinnamon,,Ground Plane,FALSE,,0,0,0,0,0,staring,0,0,0,1,0,1,0,0,approaches (very close),POINT (-73.9682067129876 40.7779911208015),,19,4,19,13
1179,-73.96397268,40.78290835,23F-PM-1013-01,23F,PM,10132018,1,Adult,Gray,"Cinnamon, White","Gray+Cinnamon, White",,Ground Plane,FALSE,,1,0,0,0,0,,0,0,0,0,0,0,0,1,"runs from (dove into some bushes/undergrowth,only saw briefly! → not because of humans tho.)",POINT (-73.9639726817977 40.7829083461049),,19,4,19,13
1187,-73.96695298,40.78718642,25A-AM-1013-05,25A,AM,10132018,5,,Gray,,Gray+,,Ground Plane,FALSE,CROSS BRIDLE - INTO TREE TO AVOID DOGGO,1,0,1,0,0,d.p.t.,0,0,0,1,1,0,1,0,calm,POINT (-73.96695298359921 40.7871864151365),,19,4,19,13
1188,-73.95776297,40.78974608,32G-PM-1013-01,32G,PM,10132018,1,Juvenile,Gray,Cinnamon,Gray+Cinnamon,Cinnamon belly,Ground Plane,FALSE,,0,0,0,0,1,,0,0,0,0,0,0,1,0,allowed me to approach within 10 ft,POINT (-73.9577629744539 40.789746075829804),,19,4,19,13
1189,-73.97280694,40.77944581,15A-AM-1007-01,15A,AM,10072018,1,Adult,Gray,,Gray+,tbd,Ground Plane,FALSE,,0,0,0,0,1,hopping,0,0,0,0,0,0,1,0,in fenced in lawn (chill),POINT (-73.9728069355821 40.7794458131748),,19,4,19,13
1227,-73.97290903,40.77943401,15A-AM-1007-02,15A,AM,10072018,2,Adult,Gray,,Gray+,,Ground Plane,FALSE,,0,0,0,0,1,,0,0,0,0,0,0,1,0,in fenced in lawn (chill),POINT (-73.9729090336637 40.7794340052503),,19,4,19,13
1236,-73.97053708,40.77617254,13E-PM-1008-04,13E,PM,10082018,4,Adult,Gray,Cinnamon,Gray+Cinnamon,Gray & Cinnamon selected as Primary. Gray selected as Highlights. Made executive adjustments.,Ground Plane,FALSE,,0,0,0,0,1,,0,0,0,0,1,0,0,0,he took 2 steps then turned and stared at me,POINT (-73.9705370795538 40.7761725434851),,19,4,19,13
1240,-73.9651818,40.78190828,21E-AM-1017-01,21E,AM,10172018,1,Adult,Gray,White,Gray+White,,Above Ground,3,Climbs small tree,0,0,0,1,1,,0,0,0,0,1,0,0,0,walks from,POINT (-73.9651817987035 40.7819082838334),,19,4,19,13
1269,-73.96776216,40.7823359,20C-PM-1018-08,20C,PM,10182018,8,Juvenile,Cinnamon,,Cinnamon+,,Ground Plane,FALSE,,1,0,0,0,0,,0,0,0,0,0,1,0,1,runs from (dog),POINT (-73.967762162893 40.7823359027165),,19,4,19,13
1303,-73.95333195,40.79336479,37H-AM-1018-02,37H,AM,10182018,2,Adult,Gray,,Gray+,,Above Ground,,Large tree by (fence of the conservatory) about to climb up,0,0,1,0,0,,0,0,0,0,0,0,0,0,"busy,ready to climb",POINT (-73.9533319519277 40.7933647909449),,19,4,19,13
1310,-73.96941694,40.77444083,12G-PM-1007-03,12G,PM,10072018,3,,Cinnamon,Gray,Cinnamon+Gray,,Ground Plane,FALSE,bushes,0,0,0,0,1,,0,0,0,0,0,0,0,0,friendly,POINT (-73.9694169352433 40.7744408293858),,19,4,19,13
1319,-73.95543277,40.79538464,38E-AM-1010-05,38E,AM,10102018,5,Adult,Gray,Cinnamon,Gray+Cinnamon,,Ground Plane,FALSE,,0,0,0,0,1,,0,0,0,0,0,0,1,0,interested in my presence,POINT (-73.9554327683595 40.7953846381499),,19,4,19,13
1321,-73.97018244,40.77637033,14E-AM-1008-21,14E,AM,10082018,21,Adult,Gray,,Gray+,,Ground Plane,FALSE,,0,0,0,0,1,walking,0,0,0,0,0,1,0,0,"curious,but not expecting food",POINT (-73.9701824376506 40.7763703306736),,19,4,19,13
1323,-73.95455425,40.79839357,41E-AM-1007-05,41E,AM,10072018,5,Adult,Gray,White,Gray+White,,Above Ground,10,,0,0,1,0,0,,0,0,0,0,0,0,0,1,man/pit bull mix wandered,POINT (-73.954554245377 40.7983935730557),,19,4,19,13
1328,-73.97721645,40.76883995,3D-AM-1006-06,03D,AM,10062018,6,,Gray,,Gray+,,Above Ground,10,tree,1,0,1,0,0,,0,0,0,0,0,0,0,0,"did not run from humans,but ran straight to tree & climbed up",POINT (-73.9772164524209 40.7688399538756),,19,4,19,13
1329,-73.96430326,40.77945145,19H-AM-1010-02,19H,AM,10102018,2,,Gray,"Cinnamon, White","Gray+Cinnamon, White",,Ground Plane,FALSE,near base of small tree,1,0,0,1,1,,0,0,0,1,0,1,0,0,ran from human with dog,POINT (-73.9643032554205 40.7794514526463),,19,4,19,13
1334,-73.96956059,40.77056198,8I-AM-1006-09,08I,AM,10062018,9,Adult,Gray,"Cinnamon, White","Gray+Cinnamon, White",,Ground Plane,FALSE,,0,0,0,1,1,,0,0,0,0,0,0,0,0,"very curious,looked like it expected food",POINT (-73.969560591279 40.7705619840715),,19,4,19,13
1341,-73.96620636,40.78907787,28A-PM-1007-04,28A,PM,10072018,4,Adult,Gray,White,Gray+White,,,,,0,0,0,0,0,looking at me & #5,1,0,0,0,1,0,0,0,freezes,POINT (-73.9662063642345 40.7890778665307),,19,4,19,13
1355,-73.95349106,40.79357744,37H-AM-1018-04,37H,AM,10182018,4,Adult,Gray,White,Gray+White,,Ground Plane,FALSE,,1,0,0,0,0,,0,0,0,0,1,0,0,1,was with a lot of robins,POINT (-73.9534910562766 40.7935774443789),,19,4,19,13
1370,-73.95427338,40.79557865,39F-PM-1006-02,39F,PM,10062018,2,Adult,Gray,,Gray+,,Above Ground,20,tree,0,0,0,0,0,,0,0,0,0,0,0,0,1,ran up tree when approached,POINT (-73.9542733797804 40.795578653743),,19,4,19,13
1374,-73.9564741,40.79388456,36F-AM-1017-03,36F,AM,10172018,3,Adult,Gray,Cinnamon,Gray+Cinnamon,Cinnamon on shoulders,Ground Plane,FALSE,,0,0,0,1,1,,0,0,0,0,0,0,0,1,runs from (me),POINT (-73.9564741038174 40.7938845572816),,19,4,19,13
1391,-73.96480907,40.79038821,29A-PM-1019-03,29A,PM,10192018,3,Juvenile,Black,Cinnamon,Black+Cinnamon,,Ground Plane,FALSE,,0,0,0,0,0,,0,0,0,0,0,1,0,1,"ran from,but now approaching. kind of weirding me out.",POINT (-73.9648090698176 40.7903882097837),,19,4,19,13
1396,-73.96552337,40.77927373,18G-AM-1014-01,18G,AM,10142018,1,Juvenile,Gray,White,Gray+White,,Above Ground,10,,0,0,1,0,0,,1,0,0,0,0,0,1,0,looking,POINT (-73.9655233748105 40.7792737287734),,19,4,19,13
1403,-73.97006667,40.7742857,12F-PM-1007-08,12F,PM,10072018,8,Adult,Gray,Cinnamon,Gray+Cinnamon,,Ground Plane,FALSE,,0,0,0,1,1,,0,0,0,0,0,0,0,0,stared,POINT (-73.9700666654946 40.7742857042581),,19,4,19,13
1414,-73.96785614,40.77828774,16E-PM-1018-02,16E,PM,10182018,2,Juvenile,Cinnamon,Gray,Cinnamon+Gray,,Ground Plane,FALSE,,0,1,0,0,0,,0,0,0,1,0,0,0,0,gets distance from people but then continues to chase #1,POINT (-73.9678561384348 40.7782877397822),,19,4,19,13
1427,-73.96661136,40.77526626,14H-PM-1012-05,14H,PM,10122018,5,Adult,Gray,,Gray+,,Ground Plane,FALSE,,0,0,0,1,0,,0,0,0,0,0,1,0,0,approaches (someone was feeding it),POINT (-73.9666113598566 40.7752662550312),,19,4,19,13
1428,-73.97065331,40.76890203,6I-AM-1006-01,06I,AM,10062018,1,Adult,Gray,Cinnamon,Gray+Cinnamon,,Above Ground,,,1,0,1,1,1,,0,0,0,0,0,0,0,1,runs from (someone sneezed),POINT (-73.9706533131129 40.768902033819),,19,4,19,13
1431,-73.96325779,40.79311284,33A-AM-1008-01,33A,AM,10082018,1,Adult,Gray,"Cinnamon, White","Gray+Cinnamon, White",,Ground Plane,FALSE,,0,0,0,0,1,,0,0,0,0,0,0,0,0,acknowledged,POINT (-73.9632577850183 40.793112839016),,19,4,19,13
1441,-73.96124195,40.79416771,35B-PM-1013-07,35B,PM,10132018,7,Adult,Gray,,Gray+,,Ground Plane,FALSE,,1,0,1,1,0,"got fed twice by grandpa,grabbed from grass and ate in tree",0,0,0,0,0,1,1,1,"approaches (grandpa with food),runs from (kid),kid was slowly creeping up on it; it eventually climbed up.",POINT (-73.961241953418 40.7941677113011),,19,4,19,13
1466,-73.96846573,40.78401136,22B-AM-1013-05,22B,AM,10132018,5,Adult,Gray,Cinnamon,Gray+Cinnamon,,Above Ground,,tree,0,0,1,0,0,,0,0,0,0,0,0,0,0,looked down on me like her imperial subject,POINT (-73.9684657285532 40.7840113573723),,19,4,19,13
1482,-73.95457736,40.78986846,33I-AM-1008-05,33I,AM,10082018,5,Adult,,,+,,Above Ground,100,,0,0,1,0,1,,0,0,0,0,0,0,1,0,nearly dropped shell on my head!,POINT (-73.9545773579075 40.7898684635744),,19,4,19,13
1486,-73.96539466,40.77631368,15I-PM-1012-05,15I,PM,10122018,5,Adult,Gray,,Gray+,,Above Ground,2,,1,0,1,0,1,burying the food on ground,0,0,0,0,0,0,0,0,look at us and continue hiding the food,POINT (-73.965394655961 40.7763136791661),,19,4,19,13
1492,-73.96847907,40.78388187,22B-AM-1013-01,22B,AM,10132018,1,Adult,Gray,Cinnamon,Gray+Cinnamon,,Ground Plane,FALSE,,0,0,0,0,1,,0,0,0,0,0,0,0,0,"looked at me,standing on back feet",POINT (-73.9684790657851 40.7838818717863),,19,4,19,13
1499,-73.97699695,40.77107113,6C-AM-1007-01,06C,AM,10072018,1,Adult,Gray,White,Gray+White,vid!,Above Ground,15,,0,0,1,0,0,,0,0,0,0,1,0,0,0,"curious,but wary",POINT (-73.97699695480242 40.7710711265211),,19,4,19,13
1501,-73.97052548,40.77636065,13E-AM-1017-03,13E,AM,10172018,3,Adult,Gray,White,Gray+White,,Ground Plane,FALSE,,0,0,0,1,1,,1,0,0,0,0,0,0,1,acknowledges,POINT (-73.9705254801 40.7763606494306),,19,4,19,13
1509,-73.96556709,40.77637289,16H-PM-1014-03,16H,PM,10142018,3,Adult,Gray,White,Gray+White,,Ground Plane,FALSE,,1,0,0,0,0,,0,0,0,0,0,1,0,0,followed man across bridge,POINT (-73.9655670884957 40.7763728890554),,19,4,19,13
1511,-73.97338824,40.76830787,5G-AM-1006-01,05G,AM,10062018,1,Adult,Gray,Black,Gray+Black,,Above Ground,20,,0,0,1,0,0,,0,0,0,0,0,0,0,0,made eye contact with me,POINT (-73.9733882364574 40.7683078706597),,19,4,19,13
1536,-73.97672202,40.77532621,10A-PM-1014-03,10A,PM,10142018,3,Adult,Gray,"Black, Cinnamon, White","Gray+Black, Cinnamon, White",,Above Ground,,above my head in tree,0,0,0,1,0,eating (in a tree),0,0,0,0,0,0,1,0,"indifferent (lots of people taking its picture,didn't bother it)",POINT (-73.9767220179725 40.7753262103123),12420.0,20,4,19,12
1586,-73.98055178,40.76830447,2B-PM-1013-05,02B,PM,10132018,5,Adult,Gray,White,Gray+White,,Ground Plane,FALSE,,1,0,1,0,0,climbing fence!,0,0,0,0,0,0,0,0,snuck into bike cart!,POINT (-73.9805517765469 40.7683044693163),,19,4,19,13
1607,-73.95454255,40.79568534,39F-PM-1006-04,39F,PM,10062018,4,Adult,Gray,Cinnamon,Gray+Cinnamon,,Above Ground,35,in tree,0,0,1,0,0,climbing down,0,0,0,0,0,0,0,1,ran when saw me,POINT (-73.9545425520879 40.7956853415959),,19,4,19,13
1613,-73.98067183,40.76927769,2A-AM-1010-07,02A,AM,10102018,7,Adult,Gray,Cinnamon,Gray+Cinnamon,,Ground Plane,FALSE,,0,0,0,1,1,,0,0,0,0,1,0,0,0,couldn't get near,POINT (-73.9806718258385 40.76927768969951),,19,4,19,13
1630,-73.95271967,40.79236383,36I-PM-1007-11,36I,PM,10072018,11,Juvenile,Cinnamon,Gray,Cinnamon+Gray,,Above Ground,3,,0,0,1,0,0,,0,0,0,0,0,0,0,1,me!,POINT (-73.9527196716568 40.792363826828),,19,4,19,13
1632,-73.97470601,40.77285282,8C-AM-1007-02,08C,AM,10072018,2,Adult,Gray,,Gray+,,Ground Plane,FALSE,,0,0,0,0,1,,0,0,0,0,0,0,0,0,peeps out from behind tree at cooing tourists,POINT (-73.9747060143742 40.7728528164878),,19,4,19,13
1650,-73.97633735,40.77411689,9B-PM-1013-09,09B,PM,10132018,9,Juvenile,Gray,,Gray+,,Ground Plane,FALSE,,0,0,0,0,1,,0,0,0,0,1,0,0,1,runs from (people),POINT (-73.9763373510536 40.7741168933928),,19,4,19,13
1652,-73.96958811,40.78424413,21A-AM-1019-01,21A,AM,10192018,1,Juvenile,Gray,Black,Gray+Black,,Above Ground,3,,0,0,1,0,0,,0,0,0,0,0,0,0,0,"keeps to tree,drops down on side away from people",POINT (-73.9695881075086 40.7842441291991),,19,4,19,13
1657,-73.97360162,40.77237814,8D-AM-1007-03,08D,AM,10072018,3,Adult,Gray,,Gray+,,Ground Plane,FALSE,,0,0,0,0,1,,0,0,0,0,0,0,0,1,ran up tree when approached,POINT (-73.9736016229655 40.77237813767141),,19,4,19,13
1661,-73.95616002,40.79531432,38E-AM-1010-10,38E,AM,10102018,10,Adult,Gray,Cinnamon,Gray+Cinnamon,,Above Ground,1,over a log across stream,0,0,0,0,0,chillin',0,0,0,0,0,0,0,1,runs from leaf blower,POINT (-73.9561600237284 40.7953143196705),,19,4,19,13
1664,-73.95839444,40.79796898,39B-PM-1014-04,39B,PM,10142018,4,Adult,Gray,,Gray+,,Above Ground,10,,0,0,1,0,0,,0,0,0,0,0,0,1,1,runs from (me—when i approached),POINT (-73.9583944353352 40.7979689846815),,19,4,19,13
1677,-73.95687265,40.78787951,30I-PM-1006-03,30I,PM,10062018,3,Adult,Gray,,Gray+,,Ground Plane,FALSE,,0,0,0,0,1,,0,0,0,0,0,0,0,1,up tree,POINT (-73.9568726508546 40.7878795081255),,19,4,19,13
1679,-73.96381672,40.77764857,18I-PM-1007-03,18I,PM,10072018,3,Adult,Cinnamon,Gray,Cinnamon+Gray,,Above Ground,25,,0,0,1,0,0,,0,0,0,0,0,0,0,0,stared at me,POINT (-73.9638167248251 40.77764856793541),,19,4,19,13
1680,-73.96381419,40.78292253,23F-PM-1013-03,23F,PM,10132018,3,Adult,Gray,"Cinnamon, White","Gray+Cinnamon, White",,Ground Plane,FALSE,,0,0,0,1,1,,0,0,0,0,1,0,1,0,"indifferent (noticed me,busy eating,foraging)",POINT (-73.9638141923763 40.7829225326288),,19,4,19,13
1713,-73.97635428,40.77365313,9B-AM-1010-02,09B,AM,10102018,2,Juvenile,Gray,Cinnamon,Gray+Cinnamon,,Above Ground,1,in bush,0,0,1,0,1,,0,0,0,0,1,0,0,1,froze,POINT (-73.9763542780331 40.773653130362206),,19,4,19,13
1719,-73.97258447,40.77010928,7F-PM-1012-02,07F,PM,10122018,2,Adult,Gray,Cinnamon,Gray+Cinnamon,,Ground Plane,FALSE,,0,0,0,1,1,,0,0,0,0,0,0,0,0,observes,POINT (-73.9725844658514 40.7701092834201),,19,4,19,13
1731,-73.97671414,40.77373133,8A-PM-1014-02,08A,PM,10142018,2,Juvenile,Gray,,Gray+,,Ground Plane,FALSE,,0,0,1,1,0,,0,0,0,0,0,0,0,1,runs from (goes up a tree),POINT (-73.9767141407274 40.7737313251559),,19,4,19,13
1737,-73.96797559,40.7735683,12H-PM-1007-07,12H,PM,10072018,7,,Gray,Cinnamon,Gray+Cinnamon,,Ground Plane,FALSE,grass field,0,0,0,0,1,,0,0,0,0,0,0,0,1,humans,POINT (-73.967975586222 40.7735683044313),,19,4,19,13
1754,-73.97147982,40.76952319,6H-PM-1020-02,06H,PM,10202018,2,Adult,,,+,,Above Ground,,Fence pole,0,0,1,0,0,,0,0,0,0,0,0,0,1,runs from (me),POINT (-73.9714798196777 40.7695231949631),,19,4,19,13
1764,-73.96890416,40.7781789,16E-AM-1014-07,16E,AM,10142018,7,Adult,Gray,,Gray+,,Above Ground,,,1,0,0,0,0,,0,0,0,0,0,0,0,1,runs from (dog),POINT (-73.9689041600147 40.7781788966185),,19,4,19,13
1773,-73.96689095,40.78412986,22C-PM-1006-12,22C,PM,10062018,12,Adult,Gray,,Gray+,,Ground Plane,FALSE,,0,0,0,1,0,,1,0,0,0,0,0,0,0,human friendly,POINT (-73.9668909481942 40.7841298584027),,19,4,19,13
1782,-73.97300011,40.76787192,4G-AM-1006-05,04G,AM,10062018,5,Juvenile,Gray,White,Gray+White,,Above Ground,20,,0,0,1,0,0,climbing (tree),0,0,0,0,0,0,1,0,indifferent—was in front of my face (we were on a bridge)!,POINT (-73.9730001080547 40.7678719218983),,19,4,19,13
1794,-73.96800435,40.77266693,11I-PM-1012-01,11I,PM,10122018,1,Adult,Gray,,Gray+,,Ground Plane,FALSE,,1,0,0,1,1,,0,0,0,1,1,0,0,0,look at humans determining,POINT (-73.968004352343 40.7726669278308),,19,4,19,13
1801,-73.97364181,40.77169311,8E-PM-1008-04,08E,PM,10082018,4,Adult,Gray,White,Gray+White,,Ground Plane,FALSE,in grass by a grove of tall maples,0,0,0,1,1,,0,0,0,0,0,0,1,0,there's a family playing soccer,POINT (-73.9736418085696 40.7716931127716),,19,4,19,13
1861,-73.97648512,40.77157369,6C-AM-1007-07,06C,AM,10072018,7,Adult,Gray,Cinnamon,Gray+Cinnamon,,Ground Plane,FALSE,,0,0,1,0,0,ambling,0,0,0,0,0,1,0,1,trucks,POINT (-73.9764851231754 40.7715736862861),,19,4,19,13
1886,-73.95861842,40.79931538,41A-PM-1007-02,41A,PM,10072018,2,Adult,Black,,Black+,,Above Ground,15,,0,0,1,0,0,jumping,0,0,0,0,0,0,0,0,stared at me,POINT (-73.9586184232889 40.7993153832942),,19,4,19,13
1899,-73.95292248,40.79618958,40G-PM-1013-05,40G,PM,10132018,5,Adult,Gray,,Gray+,,Ground Plane,FALSE,,1,0,0,0,0,,0,0,0,0,0,0,0,1,runs from (to the tree),POINT (-73.9529224802393 40.7961895763649),,19,4,19,13
1907,-73.95883455,40.79918303,40A-PM-1014-02,40A,PM,10142018,2,Adult,Gray,,Gray+,,Ground Plane,FALSE,,1,0,0,0,0,,0,0,0,0,0,0,0,1,runs from (ran from base of tree into bushes),POINT (-73.9588345546879 40.7991830272008),,19,4,19,13
1910,-73.95289377,40.79229191,36I-AM-1017-01,36I,AM,10172018,1,Adult,Gray,White,Gray+White,,Ground Plane,FALSE,,1,0,0,1,1,,0,0,0,0,1,0,0,1,runs from (me!)—from a pretty big distance,POINT (-73.9528937660465 40.7922919074537),,19,4,19,13
1915,-73.96935046,40.78306787,21B-PM-1017-02,21B,PM,10172018,2,Juvenile,Cinnamon,White,Cinnamon+White,,Above Ground,1,,0,1,0,0,0,,0,1,0,0,0,0,0,0,stood on hind legs with front legs on the chest,POINT (-73.9693504617353 40.7830678709405),,19,4,19,13
1917,-73.96328661,40.78900433,29C-PM-1006-01,29C,PM,10062018,1,Adult,Gray,Cinnamon,Gray+Cinnamon,,Ground Plane,FALSE,,0,0,1,0,1,,0,0,0,0,0,0,0,0,not too shy,POINT (-73.96328661428412 40.78900432944361),,19,4,19,13
1941,-73.96249054,40.7935389,33A-PM-1018-01,33A,PM,10182018,1,Adult,Gray,,Gray+,,Ground Plane,FALSE,,0,0,0,0,1,,0,0,0,0,0,0,1,0,stopped to see what i would do 1st,POINT (-73.96249054313 40.7935389038787),,19,4,19,13
1946,-73.97471754,40.769282,5E-PM-1012-05,05E,PM,10122018,5,Adult,Cinnamon,"Gray, White","Cinnamon+Gray, White",,Ground Plane,FALSE,,1,0,0,0,1,,0,0,0,0,0,1,0,0,begging,POINT (-73.9747175419546 40.7692820030878),,19,4,19,13
1964,-73.97193596,40.77269989,9F-PM-1014-01,09F,PM,10142018,1,Adult,Gray,Cinnamon,Gray+Cinnamon,,Ground Plane,FALSE,,0,0,0,1,0,,0,0,0,0,0,0,0,0,"he is fed every day by a woman who calls him ""chiquita""! he ran right up to her.",POINT (-73.9719359643975 40.772699885583),,19,4,19,13
1969,-73.96314647,40.79341566,33A-PM-1018-02,33A,PM,10182018,2,Adult,Gray,Cinnamon,Gray+Cinnamon,,Above Ground,10,Tree cavity [of] London Plane tree,0,0,0,0,0,"hanging out,watching world",0,0,0,0,0,0,0,0,watching,POINT (-73.9631464693769 40.793415656751),,19,4,19,13
2005,-73.96956411,40.77695629,14E-AM-1008-03,14E,AM,10082018,3,Adult,Gray,,Gray+,,Ground Plane,FALSE,,0,0,0,0,1,walking,0,0,0,0,0,0,1,0,unaware of,POINT (-73.9695641121727 40.7769562886685),,19,4,19,13
2015,-73.95894922,40.79890112,40A-PM-1014-01,40A,PM,10142018,1,Adult,Gray,Cinnamon,Gray+Cinnamon,,Above Ground,30,,0,0,1,0,0,,0,0,0,0,1,0,1,0,stared & then went back up tree—then ran to different tree,POINT (-73.9589492240754 40.798901118974),,19,4,19,13
2032,-73.95001676,40.79661858,41I-AM-1018-01,41I,AM,10182018,1,Juvenile,Cinnamon,Gray,Cinnamon+Gray,,Ground Plane,FALSE,,1,0,0,0,0,,0,0,0,0,1,0,0,0,"cautious,observant,runs off",POINT (-73.9500167570283 40.7966185836685),,19,4,19,13
2036,-73.96833704,40.78135984,19D-AM-1007-02,19D,AM,10072018,2,Adult,Gray,Cinnamon,Gray+Cinnamon,,Above Ground,2,,0,0,1,0,1,,0,0,0,0,1,0,0,0,fenced area,POINT (-73.9683370417551 40.78135983505),,19,4,19,13
2046,-73.97216564,40.77228691,9F-PM-1014-08,09F,PM,10142018,8,Adult,Gray,Cinnamon,Gray+Cinnamon,,Ground Plane,FALSE,,0,0,0,1,0,,0,0,0,0,0,0,0,0,turned to face me while eating,POINT (-73.9721656413591 40.7722869065638),,19,4,19,13
2059,-73.9575798,40.7957014,38D-PM-1006-04,38D,PM,10062018,4,Adult,Cinnamon,Gray,Cinnamon+Gray,,Ground Plane,FALSE,,1,0,0,0,0,,0,0,0,0,0,0,0,1,near drive -runners -cyclists,POINT (-73.95757980040841 40.795701403549),,19,4,19,13
2067,-73.97355876,40.76723463,3G-PM-1013-02,03G,PM,10132018,2,Adult,Gray,"Cinnamon, White","Gray+Cinnamon, White",,Ground Plane,FALSE,,0,0,0,0,0,"wandering,interacting with tourists",0,0,0,0,0,1,0,0,"approaches (father - son taking photos,talking about giving him planters peanuts)",POINT (-73.9735587560787 40.7672346255151),,19,4,19,13
2083,-73.95672558,40.79363319,36F-AM-1017-05,36F,AM,10172018,5,Adult,Gray,White,Gray+White,,Above Ground,8,,0,0,0,0,0,staying very still to avoid two very curious dogs on the ground,0,0,0,0,0,0,0,0,"petrified,frozen (tail over its back,frozen)",POINT (-73.9567255763265 40.7936331899263),,19,4,19,13
2104,-73.97387231,40.77868456,14A-AM-1014-01,14A,AM,10142018,1,Adult,Gray,White,Gray+White,,Ground Plane,FALSE,,0,0,0,0,1,"foraging?,crossing road",0,0,0,0,0,0,1,1,runs from (dogs),POINT (-73.9738723117119 40.7786845612246),,19,4,19,13
2121,-73.96929469,40.77673898,14E-AM-1008-13,14E,AM,10082018,13,Adult,Gray,,Gray+,,Above Ground,1,,0,0,1,1,1,,0,0,0,0,0,0,1,0,curious,POINT (-73.9692946938852 40.7767389791452),,19,4,19,13
2162,-73.96436644,40.77936707,19H-AM-1010-01,19H,AM,10102018,1,,Gray,"Cinnamon, White","Gray+Cinnamon, White",,Ground Plane,FALSE,near base of small tree,1,0,0,1,1,,0,0,0,0,0,0,1,0,run from human w/ dog,POINT (-73.9643664403785 40.7793670703727),,19,4,19,13
2178,-73.95596639,40.79744973,40D-AM-1013-07,40D,AM,10132018,7,Adult,Gray,,Gray+,,Above Ground,6,,0,0,1,0,1,,0,0,0,0,0,0,0,1,curious,POINT (-73.9559663949511 40.7974497269789),,19,4,19,13
2205,-73.9594446,40.79178004,33D-AM-1017-06,33D,AM,10172018,6,Adult,Black,,Black+,,Above Ground,10,,0,0,1,0,0,,1,1,0,0,0,0,0,1,runs from (ran into hole in tree trunk),POINT (-73.9594446018346 40.7917800352042),,19,4,19,13
2244,-73.97742285,40.76863998,3D-AM-1006-05,03D,AM,10062018,5,Adult,Cinnamon,Gray,Cinnamon+Gray,,Ground Plane,FALSE,,1,0,0,0,0,,0,0,0,0,0,0,0,1,"runs from (chased by boy),wary of humans in playground",POINT (-73.9774228454023 40.7686399839016),,19,4,19,13
2252,-73.97339443,40.77229335,8E-PM-1008-03,08E,PM,10082018,3,Adult,Gray,White,Gray+White,,Ground Plane,FALSE,in between 2 trees,0,0,0,1,1,,0,0,0,0,0,1,0,0,also being lured by mom & baby w/ food,POINT (-73.973394428186 40.7722933513053),,19,4,19,13
2253,-73.9709991,40.77257567,10F-PM-1019-03,10F,PM,10192018,3,Juvenile,Gray,Cinnamon,Gray+Cinnamon,Cinnamon head,Ground Plane,FALSE,"Behind fence, grass",0,0,0,1,0,eating (nuts),0,0,0,0,0,1,0,0,approaches (bad tourists w/ nuts),POINT (-73.9709991016317 40.772575670774806),,19,4,19,13
2261,-73.95561775,40.78885692,32I-AM-1013-03,32I,AM,10132018,3,Juvenile,Gray,Cinnamon,Gray+Cinnamon,,Above Ground,15,,0,0,1,0,0,,0,0,0,0,0,0,0,0,watching me from tree - curious,POINT (-73.9556177490335 40.7888569161537),,19,4,19,13
2278,-73.95860859,40.79903268,40A-PM-1014-04,40A,PM,10142018,4,Adult,Gray,,Gray+,,Ground Plane,FALSE,,1,0,0,0,0,,0,0,0,0,0,0,0,1,runs from (ran from path to bushes),POINT (-73.9586085858962 40.7990326758282),,19,4,19,13
2294,-73.95906321,40.79631466,38B-AM-1019-04,38B,AM,10192018,4,Adult,Gray,,Gray+,,Above Ground,20,,0,0,0,0,0,sitting in tree,1,1,0,1,0,0,1,0,observant,POINT (-73.9590632051055 40.7963146584827),,19,4,19,13
2315,-73.95769736,40.79975769,42A-PM-1014-01,42A,PM,10142018,1,Adult,Gray,Cinnamon,Gray+Cinnamon,,Ground Plane,FALSE,,1,0,0,0,1,up on hind legs looking around,0,0,0,0,0,0,0,0,came to about 10' away then ran off,POINT (-73.957697363244 40.7997576909042),,19,4,19,13
2332,-73.97719249,40.76667227,1E-PM-1007-01,01E,PM,10072018,1,Adult,Gray,"Cinnamon, White","Gray+Cinnamon, White",,Ground Plane,FALSE,,0,0,0,0,1,,0,0,0,0,0,1,0,0,people feeding squirrel,POINT (-73.9771924901559 40.7666722729471),,19,4,19,13
2341,-73.95336458,40.79837092,42F-AM-1019-01,42F,AM,10192018,1,Adult,Gray,Cinnamon,Gray+Cinnamon,,Ground Plane,FALSE,,0,0,0,0,0,,0,0,0,0,1,0,0,1,runs from (me),POINT (-73.9533645762606 40.7983709215535),,19,4,19,13
2372,-73.96132768,40.7943814,35B-PM-1013-03,35B,PM,10132018,3,Adult,Gray,,Gray+,,Ground Plane,FALSE,,1,0,0,0,1,threatened by approaching dog (dog #1),0,0,0,0,0,0,0,1,runs from (dog),POINT (-73.96132768020492 40.7943813964442),,19,4,19,13
2385,-73.95657389,40.7900161,32H-AM-1010-01,32H,AM,10102018,1,Juvenile,Gray,Cinnamon,Gray+Cinnamon,,Ground Plane,FALSE,,0,0,0,0,0,not sure; walking-stop-walking-stop,0,0,0,0,0,0,1,0,did seem to observe me for a moment,POINT (-73.9565738895972 40.7900160952624),,19,4,19,13
2398,-73.95837621,40.78522261,27I-PM-1020-03,27I,PM,10202018,3,Adult,Gray,Cinnamon,Gray+Cinnamon,,Ground Plane,FALSE,,0,0,0,0,0,,0,0,0,0,0,1,0,0,begging for food; on hind legs,POINT (-73.9583762071264 40.7852226065643),,19,4,19,13
2415,-73.95886898,40.79923841,40A-PM-1014-03,40A,PM,10142018,3,Adult,Gray,,Gray+,,Ground Plane,FALSE,,1,0,0,0,0,,0,0,0,0,0,0,0,1,runs from (ran from base of tree into bushes),POINT (-73.9588689820908 40.799238413797205),,19,4,19,13
2419,-73.95877876,40.7981699,40A-AM-1010-01,40A,AM,10102018,1,Juvenile,Gray,,Gray+,,Above Ground,30,bottom of great hill,0,0,1,0,0,,0,0,0,0,0,0,0,0,climbing up a tree,POINT (-73.9587787592751 40.7981699014259),,19,4,19,13
2453,-73.95651517,40.7946648,37E-PM-1006-07,37E,PM,10062018,7,Adult,Cinnamon,Gray,Cinnamon+Gray,,Ground Plane,FALSE,,1,0,0,0,0,,0,0,0,0,1,0,0,1,me,POINT (-73.9565151662506 40.7946647987447),,19,4,19,13
2456,-73.95698966,40.79119145,33G-PM-1006-02,33G,PM,10062018,2,Adult,Gray,,Gray+,my favorite,Ground Plane,FALSE,,1,0,0,0,0,,0,0,0,0,0,0,0,0,engaged w/ me,POINT (-73.9569896638974 40.7911914507504),,19,4,19,13
2468,-73.96009636,40.79349623,34C-AM-1007-01,34C,AM,10072018,1,Adult,Black,,Black+,,Ground Plane,FALSE,,1,0,0,0,0,,0,0,0,1,0,0,0,1,dog,POINT (-73.9600963639087 40.7934962325313),,19,4,19,13
2470,-73.96427429,40.77953196,19H-AM-1010-03,19H,AM,10102018,3,Juvenile,Gray,"Cinnamon, White","Gray+Cinnamon, White",,Ground Plane,FALSE,,0,0,1,1,1,,0,0,0,0,0,0,1,0,ran from human w/ dog,POINT (-73.964274290774 40.7795319556023),,19,4,19,13
2487,-73.97269208,40.77941175,16A-PM-1019-02,16A,PM,10192018,2,Adult,Cinnamon,Gray,Cinnamon+Gray,,Ground Plane,FALSE,,0,0,0,0,1,,0,0,0,0,1,0,0,1,scared by dog,POINT (-73.9726920847792 40.7794117463889),,19,4,19,13
2497,-73.96745569,40.78753994,26A-AM-1014-02,26A,AM,10142018,2,,Gray,Cinnamon,Gray+Cinnamon,,Ground Plane,FALSE,,0,1,0,0,1,,0,0,0,0,0,0,0,0,could not get close due to fences,POINT (-73.9674556940019 40.7875399402461),,19,4,19,13
2502,-73.97438256,40.76748126,3F-AM-1006-10,03F,AM,10062018,10,Adult,Cinnamon,White,Cinnamon+White,,Above Ground,6,on fence,0,0,1,0,0,,0,0,0,0,0,0,0,0,clueless,POINT (-73.974382557804 40.7674812627373),,19,4,19,13
2533,-73.9744368,40.7674282,3G-PM-1013-03,03G,PM,10132018,3,Adult,Gray,,Gray+,,Ground Plane,FALSE,,0,0,1,0,0,,0,0,0,0,0,0,0,1,runs from (climbed tree to run from),POINT (-73.97443680386752 40.7674281958115),,19,4,19,13
2550,-73.97013881,40.7705793,8H-PM-1014-02,08H,PM,10142018,2,Adult,Gray,White,Gray+White,,Ground Plane,FALSE,,0,0,0,1,0,,0,0,0,0,0,0,0,0,"froze & watched me,then went back to eating",POINT (-73.970138810251 40.770579297644),,19,4,19,13
2561,-73.96156437,40.79446784,35B-PM-1013-06,35B,PM,10132018,6,Adult,Gray,Cinnamon,Gray+Cinnamon,,Ground Plane,FALSE,,1,0,1,0,0,chased by dog #2,1,0,0,0,0,0,0,1,runs from (dog),POINT (-73.9615643742864 40.7944678447843),,19,4,19,13
2582,-73.97696931,40.768439,3D-AM-1006-01,03D,AM,10062018,1,Adult,Cinnamon,Gray,Cinnamon+Gray,,Above Ground,9,up a tree,1,0,1,1,1,digging (?),0,0,0,1,0,0,0,1,runs from (man led his dog into the area to chase squirrel),POINT (-73.9769693140651 40.7684390015166),,19,4,19,13
2606,-73.96429887,40.77955913,19H-AM-1010-04,19H,AM,10102018,4,Adult,Gray,"Cinnamon, White","Gray+Cinnamon, White",,Ground Plane,FALSE,,0,0,1,1,1,,0,0,0,0,0,0,1,1,runs from human w/ dog,POINT (-73.9642988690682 40.7795591281979),,19,4,19,13
2664,-73.96978407,40.77669404,14E-AM-1008-11,14E,AM,10082018,11,Adult,Gray,White,Gray+White,,Ground Plane,FALSE,,0,0,0,1,1,burying,0,0,0,0,0,0,1,0,curious,POINT (-73.969784066769 40.7766940405403),,19,4,19,13
2669,-73.95310419,40.79199168,36I-PM-1007-02,36I,PM,10072018,2,Adult,Gray,,Gray+,,Ground Plane,FALSE,,1,1,0,0,1,,0,0,0,0,1,1,1,0,chased birds (blue jay),POINT (-73.9531041906469 40.7919916819219),,19,4,19,13
2677,-73.95629469,40.7938593,36F-AM-1017-01,36F,AM,10172018,1,Adult,Gray,,Gray+,,Ground Plane,FALSE,,1,0,0,0,0,,0,0,0,0,0,0,0,1,runs from (dog),POINT (-73.9562946873694 40.7938593012595),,19,4,19,13
2679,-73.97213481,40.766692,3H-AM-1008-01,03H,AM,10082018,1,Adult,Gray,Cinnamon,Gray+Cinnamon,,Above Ground,8,,0,0,0,0,0,teasing barking dog,0,0,0,0,0,0,1,0,indifferent by not caring about dog,POINT (-73.9721348050673 40.7666920046704),,19,4,19,13
2691,-73.98016364,40.76901921,2A-AM-1010-09,02A,AM,10102018,9,Adult,Gray,White,Gray+White,,Above Ground,,climbing in bush,0,0,1,0,0,hopping & flipping around. this one was very energetic & jumping aorund,0,0,0,0,1,0,0,0,climbed a foot up a tree and watched me,POINT (-73.9801636400744 40.7690192055926),,19,4,19,13
2696,-73.97106749,40.77787575,15D-PM-1017-06,15D,PM,10172018,6,Adult,Gray,Cinnamon,Gray+Cinnamon,,Ground Plane,FALSE,,0,0,0,0,0,walking,0,0,0,0,0,0,0,0,stopped and watched me before slowly moving on,POINT (-73.9710674928906 40.7778757544025),,19,4,19,13
2713,-73.9600739,40.79383288,35C-PM-1013-08,35C,PM,10132018,8,,,,+,,,,,0,0,0,0,0,,1,0,0,0,0,0,0,0,did not *see*,POINT (-73.9600738985438 40.7938328798752),,19,4,19,13
2722,-73.9606426,40.79172654,32D-PM-1006-08,32D,PM,10062018,8,Juvenile,Gray,"Black, Cinnamon, White","Gray+Black, Cinnamon, White",,Ground Plane,FALSE,,0,0,0,1,0,,0,0,0,0,1,0,0,0,stand on two feet and watching me,POINT (-73.960642602756 40.7917265419842),,19,4,19,13
2728,-73.96154292,40.79074176,31D-AM-1014-01,31D,AM,10142018,1,,Gray,Cinnamon,Gray+Cinnamon,,Above Ground,20,Ground then up tree,0,0,1,0,0,chased by a doggo,0,0,1,0,0,0,0,1,runs from (dogs!),POINT (-73.9615429203441 40.7907417648701),,19,4,19,13
2763,-73.9692661,40.78305323,21B-PM-1017-01,21B,PM,10172018,1,Juvenile,Cinnamon,White,Cinnamon+White,,Ground Plane,FALSE,,0,0,0,1,0,,0,0,0,0,0,0,0,0,paused to look at me,POINT (-73.9692660977515 40.7830532310766),,19,4,19,13
2769,-73.96379835,40.78287125,23F-PM-1013-04,23F,PM,10132018,4,Adult,Gray,"Cinnamon, White","Gray+Cinnamon, White","Gray & Cinnamon selected as Primary: ""much browner, like 1/2 & 1/2"".",Ground Plane,FALSE,,0,0,0,0,1,,0,0,0,0,1,0,1,0,indifferent (busy foraging),POINT (-73.9637983513789 40.7828712516396),,19,4,19,13
2770,-73.97353836,40.77231247,8D-AM-1007-01,08D,AM,10072018,1,Adult,Gray,Cinnamon,Gray+Cinnamon,,Ground Plane,FALSE,,0,0,0,0,1,,0,0,0,0,0,0,1,0,acknowledged me though,POINT (-73.9735383602914 40.7723124703937),,19,4,19,13
2817,-73.96816646,40.77246697,11I-PM-1012-02,11I,PM,10122018,2,Adult,Gray,,Gray+,,Above Ground,4,,1,0,1,0,1,,0,0,0,0,0,0,0,1,runs away from the ball,POINT (-73.9681664642028 40.7724669681958),,19,4,19,13
2819,-73.9615926,40.79442232,35B-PM-1013-05,35B,PM,10132018,5,Adult,Gray,,Gray+,,Ground Plane,FALSE,,1,0,1,0,0,chased by dog #2,1,0,0,0,0,0,0,1,runs from (dog),POINT (-73.96159260312531 40.7944223235385),,19,4,19,13
2861,-73.96746672,40.78243465,21D-PM-1008-04,21D,PM,10082018,4,Juvenile,Gray,"Cinnamon, White","Gray+Cinnamon, White",,Above Ground,4,,0,0,0,1,0,,0,0,0,0,0,0,0,1,i scared it,POINT (-73.967466716152 40.7824346548278),,19,4,19,13
2878,-73.97440807,40.77315157,9C-PM-1006-07,09C,PM,10062018,7,Adult,Black,"Cinnamon, White","Black+Cinnamon, White",,Ground Plane,FALSE,on top of tarped sand pile,0,0,0,1,0,,0,0,0,0,0,0,0,1,(me),POINT (-73.9744080700098 40.7731515721826),,19,4,19,13
2932,-73.96779032,40.78265619,21C-AM-1014-03,21C,AM,10142018,3,Adult,Gray,,Gray+,,Above Ground,30,,0,1,1,0,0,,0,1,0,0,0,0,0,0,looked at us from tree,POINT (-73.9677903197449 40.7826561917755),,19,4,19,13
2958,-73.97479632,40.77450234,10B-PM-1014-04,10B,PM,10142018,4,Adult,Gray,White,Gray+White,,Ground Plane,FALSE,,0,0,0,1,1,,0,0,0,0,0,0,0,0,avoided people,POINT (-73.9747963162162 40.7745023355775),,19,4,19,13
3009,-73.95809068,40.79484041,37D-PM-1014-01,37D,PM,10142018,1,Adult,Gray,Cinnamon,Gray+Cinnamon,,Ground Plane,FALSE,,0,0,0,0,1,,0,0,0,0,0,0,0,1,eyes from a safe distance,POINT (-73.9580906814132 40.7948404060484),,19,4,19,13
3010,-73.96788313,40.7847606,23B-PM-1012-06,23B,PM,10122018,6,Adult,Gray,,Gray+,,Above Ground,30,,0,0,0,0,0,,1,0,0,0,0,0,0,0,scolding,POINT (-73.9678831312936 40.7847605974975),,19,4,19,13
3011,-73.9613702,40.79433632,35B-PM-1013-04,35B,PM,10132018,4,Adult,Gray,,Gray+,,Ground Plane,FALSE,,1,0,1,0,1,"got threatened by dog (same dog,dog #1)",0,0,0,0,0,0,0,1,runs from (dog),POINT (-73.9613701960898 40.7943363227822),,19,4,19,13
